{
  "id" : 57131,
  "update_date" : "Sep 02, 2019 10:14:43 AM",
  "title" : "Kotlin@SPbSU",
  "items" : [
    {
      "id" : 252245,
      "title" : "lesson1-basics",
      "update_date" : "Sep 01, 2019 11:27:46 PM",
      "task_list" : [
        {
          "name" : "task1-main",
          "stepic_id" : 812938,
          "update_date" : "Sep 01, 2019 11:27:48 PM",
          "files" : {
            "src/Task.kt" : {
              "name" : "src/Task.kt",
              "placeholders" : [ ],
              "is_visible" : true,
              "text" : "package com.h0tk3y.spbsu.kotlin.course.lesson1\n\nfun greet(name: String) {\n    /*\n     * Напишите тело функции, выводящее приветствие в виде:\n     * \"Hello, NAME!\" без кавычек, подставляя вместо \"NAME\"\n     * переданную строку.\n     */\n}\n\nfun main(args: Array<String>) {\n    /*\n     * Вызовите функцию greet для каждого\n     * аргумента командной строки или же, если не\n     * передано ни одного аргумента, вызовите greet один\n     * раз, чтобы вывести \"Hello, world!\"\n     */\n}"
            },
            "test/Tests.kt" : {
              "name" : "test/Tests.kt",
              "placeholders" : [ ],
              "is_visible" : false,
              "text" : "package com.h0tk3y.spbsu.kotlin.course.lesson1\n\nimport org.junit.Assert\nimport org.junit.Test\nimport java.io.ByteArrayOutputStream\nimport java.io.PrintStream\n\nclass Test {\n    companion object {\n        val newline = System.getProperty(\"line.separator\")\n    }\n\n    private fun testStdout(expected: String, fn: () -> Unit) {\n        val oldStdOut = System.out\n        try {\n            val stream = ByteArrayOutputStream()\n            stream.use {\n                PrintStream(stream, true, \"UTF-8\").use { System.setOut(it); fn(); }\n            }\n            val actual = stream.toByteArray().inputStream().bufferedReader().readText()\n            Assert.assertEquals(expected, actual)\n        } finally {\n            System.setOut(oldStdOut)\n        }\n    }\n\n    @Test\n    fun testGreet() {\n        listOf(\"abc\", \"\", \"=123\", \"John Doe\", \"One, two, three\").forEach {\n            testStdout(\"Hello, $it!$newline\") { greet(it) }\n        }\n    }\n\n    @Test\n    fun testSolutionNoUsername() {\n        testStdout(\"Hello, world!$newline\") { main(arrayOf()) }\n    }\n\n    @Test\n    fun testSolutionWithArgs() {\n        testStdout(\"Hello, one!${newline}Hello, two!${newline}Hello, three!$newline\") {\n            main(arrayOf(\"one\", \"two\", \"three\"))\n        }\n    }\n}"
            }
          },
          "description_text" : "<html>\nЗадача 1. Main\n\n<p>Напишите тело функции <code>greet</code>, выводящее приветствие в виде:\n    <code>Hello, NAME!</code>, подставляя вместо <code>NAME</code>\n    переданную в качестве аргумента строку.\n<p>\n\n<p>Вызовите функцию <code>greet</code> для каждого\n    аргумента командной строки или же, если не\n    передано ни одного аргумента, вызовите <code>greet</code> один\n    раз, чтобы вывести <code>Hello, world!</code>\n</p>\n\n</html>",
          "description_format" : "HTML",
          "feedback_link" : {
            "link_type" : "STEPIK"
          },
          "task_type" : "edu"
        },
        {
          "name" : "task2-a-factorial",
          "stepic_id" : 812939,
          "update_date" : "Sep 01, 2019 11:27:49 PM",
          "files" : {
            "src/Task.kt" : {
              "name" : "src/Task.kt",
              "placeholders" : [ ],
              "is_visible" : true,
              "text" : "package com.h0tk3y.spbsu.kotlin.course.lesson1\n\n/*\n * Реализуйте функцию factorial, вычисляющую значение факториала. Значение факториала нуля считайте едииницей.\n * Факториалом отрицательных чисел считайте -1. Целочисленное переполнение игнорируйте.\n */\nfun factorial(n: Int): Int = TODO()"
            },
            "test/Tests.kt" : {
              "name" : "test/Tests.kt",
              "placeholders" : [ ],
              "is_visible" : false,
              "text" : "package com.h0tk3y.spbsu.kotlin.course.lesson1\n\nimport org.junit.Assert\nimport org.junit.Test\n\nclass Test {\n    private fun doTest(expected: Int, n: Int) {\n        try {\n            val actual = factorial(n)\n            Assert.assertEquals(\"factorial($n) should be $expected, but was $actual\", expected, actual)\n        } catch (e: StackOverflowError) {\n            Assert.fail(\"Stack overflow in factorial($n).\")\n        }\n    }\n\n    @Test\n    fun testFactorial() {\n        Assert.assertEquals(-1, factorial(-123))\n        Assert.assertEquals(-1, factorial(-1))\n        Assert.assertEquals(1, factorial(0))\n        var res = 1\n        for (i in 1..10) {\n            res *= i\n            Assert.assertEquals(res, factorial(i))\n        }\n    }\n}"
            }
          },
          "description_text" : "<html>\n<h3>Задача 2a. Факториал</h3>\n\n<p>Реализуйте функцию <code>factorial</code>, вычисляющую значение факториала.</p>\n<p>Значение факториала нуля считайте едииницей.</p>\n<p>Факториалом отрицательных чисел считайте -1. Целочисленное переполнение игнорируйте.</p>\n</html>",
          "description_format" : "HTML",
          "feedback_link" : {
            "link_type" : "STEPIK"
          },
          "task_type" : "edu"
        },
        {
          "name" : "task2-b-fibonacci",
          "stepic_id" : 812940,
          "update_date" : "Sep 01, 2019 11:27:50 PM",
          "files" : {
            "test/Tests.kt" : {
              "name" : "test/Tests.kt",
              "placeholders" : [ ],
              "is_visible" : false,
              "text" : "package com.h0tk3y.spbsu.kotlin.course.lesson1\n\nimport org.junit.Assert\nimport org.junit.Test\n\nclass Test {\n    private fun doTest(expected: Int, n: Int, first: Int? = null, second: Int? = null) {\n        val actual = when {\n            first == null -> fibonacci(n)\n            second == null -> fibonacci(n, first)\n            else -> fibonacci(n, first, second)\n        }\n        Assert.assertEquals(\n            \"fibonacci(${listOfNotNull(n, first, second).joinToString()}) should be $expected, but was $actual\",\n            expected,\n            actual\n        )\n    }\n\n    @Test\n    fun testFibonacci() {\n        doTest(-1, 0)\n        doTest(-1, 0, 1)\n        doTest(-1, 0, 1, 1)\n\n        doTest(-1, -1)\n        doTest(-1, -1, 1)\n        doTest(-1, -1, 1, 1)\n\n        doTest(1, 1)\n        doTest(5, 1, 5)\n        doTest(10, 1, 10, 20)\n\n        doTest(13, 7)\n        doTest(65, 7, 5)\n        doTest(210, 7, 10, 20)\n\n        doTest(46368, 24)\n        doTest(231840, 24, 5)\n        doTest(750250, 24, 10, 20)\n    }\n}"
            },
            "src/Task.kt" : {
              "name" : "src/Task.kt",
              "placeholders" : [ ],
              "is_visible" : true,
              "text" : "package com.h0tk3y.spbsu.kotlin.course.lesson1\n\n/*\n * Реализуйте функцию fibonacci, вычисляющую элемент последовательности Фибоначчи по номеру.\n * Нумерация элементов с единицы.\n * Функция должна иметь три целочисленных параметра:\n * 1. n – номер требуемого элемента последовательности. Для номеров, меньших единицы, возвращайте -1;\n * 2. first – значение первого элемента последовательности, имеет значение по умолчанию 1;\n * 3. second – значение второго элемента последовательности, использует first как значение по умолчанию\n * Целочисленное переполнение игнорируйте.\n */\nfun fibonacci(/* добавьте три параметра */): Int = TODO()\n\n/*\n * Функцию должно быть можно вызывать следующими способами:\n * `fibonacci(42)`\n * `fibonacci(7, 1)`\n * `fibonacci(11, 0, 1)`\n * `fibonacci(7, first = 5)`\n * `fibonacci(42, first = 1, second = 1)`\n */"
            }
          },
          "description_text" : "<html>\n<h3>Задача 2b. Число Фибоначчи</h3>\n\n<p>Реализуйте функцию fibonacci, вычисляющую элемент последовательности Фибоначчи по номеру.\n    Нумерация элементов с единицы.</p>\n<p>Функция должна иметь три целочисленных параметра:</p>\n<ol>\n    <li><code>n</code> – номер требуемого элемента последовательности. Для номеров, меньших единицы, возвращайте -1;</li>\n    <li><code>first</code> – значение первого элемента последовательности, имеет <a href=\"https://kotlinlang.org/docs/reference/functions.html#default-arguments\">значение по умолчанию</a> 1;</li>\n    <li><code>second</code> – значение второго элемента последовательности, использует <code>first</code> как значение по умолчанию</li>\n\n</ol>\n<p>Целочисленное переполнение игнорируйте.</p>\n\n<p>Функцию должно быть можно вызывать следующими способами:</p>\n<ul>\n    <li><code>fibonacci(42)</code></li>\n    <li><code>fibonacci(7, 1)</code></li>\n    <li><code>fibonacci(11, 0, 1)</code></li>\n    <li><code>fibonacci(7, first = 5)</code></li>\n    <li><code>fibonacci(42, first = 1, second = 1)</code></li>\n</ul>\n\n</html>",
          "description_format" : "HTML",
          "feedback_link" : {
            "link_type" : "STEPIK"
          },
          "task_type" : "edu"
        },
        {
          "name" : "task2-c-fizzbuzz",
          "stepic_id" : 812941,
          "update_date" : "Sep 01, 2019 11:27:51 PM",
          "files" : {
            "src/Task.kt" : {
              "name" : "src/Task.kt",
              "placeholders" : [ ],
              "is_visible" : true,
              "text" : "package com.h0tk3y.spbsu.kotlin.course.lesson1\n\n/*\n * Реализуйте функцию fizzbuzz, принимающую целочисленный диапазон и выводящую на каждый элемент диапазона\n * по одной строке в консоль. Для чисел в диапазоне, кратных трём, выводите слово fizz, для кратных пяти –\n * слово buzz, а для кратных 15-и (то есть кратных и трём, и пяти) – слово fizzbuzz.\n * Для остальных чисел выводите их строковое представление.\n *\n * Пример вывода для диапазона 10..15: *//*\n  buzz\n  11\n  fizz\n  13\n  14\n  fizzbuzz\n */\nfun fizzbuzz(range: IntRange) {\n    TODO()\n}\n"
            },
            "test/Tests.kt" : {
              "name" : "test/Tests.kt",
              "placeholders" : [ ],
              "is_visible" : false,
              "text" : "package com.h0tk3y.spbsu.kotlin.course.lesson1\n\nimport org.junit.Assert\nimport org.junit.Test\nimport java.io.ByteArrayOutputStream\nimport java.io.PrintStream\n\nclass Test {\n    companion object {\n        val newline = System.getProperty(\"line.separator\")\n    }\n\n    private fun testStdout(expected: String, fn: () -> Unit) {\n        val oldStdOut = System.out\n        try {\n            val stream = ByteArrayOutputStream()\n            stream.use {\n                PrintStream(stream, true, \"UTF-8\").use { System.setOut(it); fn(); }\n            }\n            val actual = stream.toByteArray().inputStream().bufferedReader().readText()\n            Assert.assertEquals(expected, actual)\n        } finally {\n            System.setOut(oldStdOut)\n        }\n    }\n\n    @Test\n    fun testFizzBuzz() {\n        listOf(1..30, 10..200, -5..300).forEach { range ->\n            testStdout(range.joinToString(newline, \"\", newline, transform = {\n                when {\n                    it % 15 == 0 -> \"fizzbuzz\"\n                    it % 5 == 0 -> \"buzz\"\n                    it % 3 == 0 -> \"fizz\"\n                    else -> it.toString()\n                }\n            })) {\n                fizzbuzz(range)\n            }\n        }\n    }\n}"
            }
          },
          "description_text" : "<html>\n<h3>Задача 2c. Fizzbuzz</h3>\n\n<p>Реализуйте функцию <code>fizzbuzz</code>, принимающую целочисленный диапазон и выводящую на каждый элемент диапазона\nпо одной строке в консоль. Для чисел в диапазоне, кратных трём, выводите слово <code>fizz</code>, для кратных пяти –\nслово <code>buzz</code>, а для кратных 15-и (то есть кратных и трём, и пяти) – слово <code>fizzbuzz</code>.\n    Для остальных чисел выводите их строковое представление.</p>\n\n<p>Пример вывода для диапазона 10..15:</p>\n<pre>\nbuzz\n11\nfizz\n13\n14\nfizzbuzz\n</pre>\n</html>",
          "description_format" : "HTML",
          "feedback_link" : {
            "link_type" : "STEPIK"
          },
          "task_type" : "edu"
        },
        {
          "name" : "task3-ranges",
          "stepic_id" : 812942,
          "update_date" : "Sep 01, 2019 11:27:51 PM",
          "files" : {
            "src/Task.kt" : {
              "name" : "src/Task.kt",
              "placeholders" : [ ],
              "is_visible" : true,
              "text" : "package com.h0tk3y.spbsu.kotlin.course.lesson1\n\n/*\n * Реализуйте функцию intersectRanges, возвращающую диапазон, являющийся пересечением двух\n * данных целочисленных диапазонов. Если данные диапазоны не пересекаются, возвращайте null.\n *\n * Например, пересечением дипазонов `1..10` и `5..20` является `5..10`,\n * а диапазоны `0..0` и `1..1` не пересекаются.\n * \n * Для получения границ диапазонов используйте свойства `first` и `last`.\n */\nfun intersectRanges(rangeA: IntRange, rangeB: IntRange): IntRange? {\n    TODO()\n}\n\n/*\n * Реализуйте функцию `cut`, которая возвращает список, содержащий от нуля до двух непрерывных\n * диапазонов, которые получаются из диапазона `outerRange`, если из него \"вырезать\" диапазон `cutout`.\n * (на самом деле, конечно же, \"вырезать\" из диапазона можно только его пересечение с другим диапазоном,\n *  а остальную часть другого диапазона следует отбросить)\n * \n * Например, если из диапазона `0..10` вырезать `1..7`, получится два диапазона, `0..0` и `8..10`.\n * Если же из `0..10` вырезать `0..3`, то результатом будет только один диапазон `4..10`.\n */\nfun cut(outerRange: IntRange, cutout: IntRange): List<IntRange> {\n    val result = mutableListOf<IntRange>()\n    TODO(\n        \"Добавьте в result необходимые элементы с помощью .add(...), затем верните result; \" +\n            \"или создайте список-результат другим способом\"\n    )\n}"
            },
            "test/Tests.kt" : {
              "name" : "test/Tests.kt",
              "placeholders" : [ ],
              "is_visible" : false,
              "text" : "import com.h0tk3y.spbsu.kotlin.course.lesson1.cut\nimport com.h0tk3y.spbsu.kotlin.course.lesson1.intersectRanges\nimport com.h0tk3y.spbsu.kotlin.course.lesson1.test.cut as referenceCut\nimport com.h0tk3y.spbsu.kotlin.course.lesson1.test.intersectRanges as referenceIntersect\nimport org.junit.Assert\nimport org.junit.Test\n\nclass Test {\n    @Test\n    fun testIntersect() {\n        fun doTest(rangeA: IntRange, rangeB: IntRange) {\n            val expected = referenceIntersect(rangeA, rangeB)\n            val actual = intersectRanges(rangeA, rangeB)\n            Assert.assertEquals(\n                \"Intersection of $rangeA and $rangeB should be $expected, but was $actual.\",\n                expected,\n                actual\n            )\n        }\n\n        doTest(0..0, 1..1)\n        doTest(1..1, 0..0)\n        doTest(0..5, 1..5)\n        doTest(0..5, 0..4)\n        doTest(0..5, 5..10)\n        doTest(0..5, -10..0)\n        doTest(0..5, 3..10)\n        doTest(0..5, -5..3)\n    }\n\n    @Test\n    fun testCut() {\n        fun doTest(rangeA: IntRange, rangeB: IntRange) {\n            val expected = referenceCut(rangeA, rangeB)\n            val actual = cut(rangeA, rangeB)\n            Assert.assertEquals(\n                \"cut($rangeA, $rangeB) should be $expected, but was $actual.\",\n                expected,\n                actual\n            )\n        }\n\n        doTest(0..0, 1..1)\n        doTest(1..1, 0..0)\n        doTest(0..5, 1..5)\n        doTest(0..5, 0..4)\n        doTest(0..5, 5..10)\n        doTest(0..5, -10..0)\n        doTest(0..5, 3..10)\n        doTest(0..5, -5..3)\n    }\n\n\n}"
            },
            "test/ReferenceImpl.kt" : {
              "name" : "test/ReferenceImpl.kt",
              "placeholders" : [ ],
              "is_visible" : false,
              "text" : "package com.h0tk3y.spbsu.kotlin.course.lesson1.test\n\nfun intersectRanges(rangeA: IntRange, rangeB: IntRange): IntRange? {\n    val left = if (rangeA.first <= rangeB.first) rangeA else rangeB\n    val right = if (left === rangeA) rangeB else rangeA\n\n    if (left.last < right.first)\n        return null\n\n    if (left.last > right.last)\n        return right\n\n    return right.first..left.last\n}\n\nfun cut(outerRange: IntRange, cutout: IntRange): List<IntRange> {\n    val intersection = intersectRanges(outerRange, cutout)\n    return when {\n        intersection == null -> listOf(outerRange)\n        intersection == outerRange -> emptyList()\n        else -> listOfNotNull(\n            outerRange.first until intersection.first,\n            (intersection.last + 1)..outerRange.last\n        ).filter { !it.isEmpty() }\n    }\n}"
            }
          },
          "description_text" : "<html>\n<h3>Задача 3. Целочисленные диапазоны</h3>\n\n<p>Это задание на работу с целочисленными диапазонами – <a href=\"https://kotlinlang.org/api/latest/jvm/stdlib/kotlin.ranges/-int-range/index.html\"><code>IntRange</code></a>.</p>\n\n<p>Реализуйте функцию <code>intersectRanges</code>, возвращающую диапазон, являющийся пересечением двух\n    данных целочисленных диапазонов. Если данные диапазоны не пересекаются, возвращайте <code>null</code>.</p>\n\n<p>Например, пересечением дипазонов <code>1..10</code> и <code>5..20</code> является <code>5..10</code>,\n    а диапазоны <code>0..0</code> и <code>1..1</code> не пересекаются.</p>\n\n<p>Для получения границ диапазонов используйте свойства <a href=\"https://kotlinlang.org/api/latest/jvm/stdlib/kotlin.ranges/-int-progression/first.html\"><code>first</code></a> и <a href=\"https://kotlinlang.org/api/latest/jvm/stdlib/kotlin.ranges/-int-progression/last.html\"><code>last</code></a>.</p>\n\n<p>Затем реализуйте функцию <code>cut</code>, которая возвращает список, содержащий от нуля до двух непрерывных\n    диапазонов, которые получаются из диапазона <code>outerRange</code>, если из него \"вырезать\" <code>cutout</code>\n    (на самом деле, конечно же, \"вырезать\" из диапазона можно только его пересечение с другим диапазоном,\n    а остальную часть другого диапазона следует отбросить).</p>\n\n<p>Например, если из диапазона <code>0..10</code> вырезать <code>1..7</code>, получится два диапазона, <code>0..0</code>\n    и <code>8..10</code>. Если же из <code>0..10</code> вырезать <code>0..3</code>,\n    то результатом будет только один диапазон <code>4..10</code>.</p>\n</html>",
          "description_format" : "HTML",
          "feedback_link" : {
            "link_type" : "STEPIK"
          },
          "task_type" : "edu"
        }
      ],
      "unit_id" : 228501,
      "type" : "lesson"
    },
    {
      "id" : 0,
      "title" : "lesson3-null-safety",
      "update_date" : "Jan 01, 1970 12:00:00 AM",
      "task_list" : [
        {
          "name" : "task1-nullable-properties",
          "stepic_id" : 0,
          "update_date" : "Jan 01, 1970 12:00:00 AM",
          "files" : {
            "test/Tests3_1.kt" : {
              "name" : "test/Tests3_1.kt",
              "placeholders" : [ ],
              "is_visible" : false,
              "text" : "package com.h0tk3y.spbsu.kotlin.course.lesson1\n\nimport org.junit.Assert\nimport org.junit.Test\n\nclass Test3Task1 {\n    @Test fun testPositive() {\n        val sheets = listOf(\n            ExaminationSheet(\"Альберт\", \"Алгебра\", 0, null),\n            ExaminationSheet(\"Георгий\", \"Биология\", 1, Mark.B)\n        )\n        runExam(sheets)\n        Assert.assertEquals(\"Неверная оценка\", Mark.A, sheets[0].mark)\n        Assert.assertEquals(\n            \"Ожидается, что студент, 'способный' сдать экзамен с первой попытки, \" +\n                \"будет иметь ноль пересдач\",\n            0, sheets[0].retries\n        )\n    }\n\n    @Test fun testNonZeroForAll() {\n        val sheets = listOf(\n            ExaminationSheet(\"Альберт\", \"Алгебра\", 0, Mark.B),\n            ExaminationSheet(\"Георгий\", \"Геология\", 1, Mark.B)\n        )\n        runExam(sheets)\n        Assert.assertEquals(listOf(Mark.A, Mark.A), sheets.map { it.mark })\n        Assert.assertEquals(\"Неверное количество пересдач\", 1, sheets[0].retries)\n        Assert.assertEquals(\"Неверное количество пересдач\", 2, sheets[1].retries)\n    }\n\n    @Test fun testZeroForAll() {\n        val sheets = listOf(\n            ExaminationSheet(\"Альберт\", \"Алгебра\", 0, Mark.B),\n            ExaminationSheet(\"Георгий\", \"Геология\", 1, Mark.B)\n        )\n        runExam(sheets)\n        Assert.assertEquals(listOf(Mark.A, Mark.A), sheets.map { it.mark })\n        Assert.assertEquals(\"Неверное количество пересдач\", 1, sheets[0].retries)\n        Assert.assertEquals(\"Неверное количество пересдач\", 2, sheets[1].retries)\n    }\n}"
            },
            "src/Task3_1.kt" : {
              "name" : "src/Task3_1.kt",
              "placeholders" : [ ],
              "is_visible" : true,
              "text" : "package com.h0tk3y.spbsu.kotlin.course.lesson1\n\nenum class Mark { A, B, Fail }\n\ndata class ExaminationSheet(\n    val studentName: String,\n    val courseName: String,\n    /** Количество пересдач. Если экзамен сдан с первой попытки, должно быть нулём. */\n    var retries: Int = 0,\n    /** Текущая оценка. Значением null обозначена ситуация, когда студен ещё не пытался сдавать экзамен. */\n    var mark: Mark? = null\n) {\n    init {\n        if (mark == null) require(retries == 0)\n    }\n}\n\nfun examineStudent(examinationSheet: ExaminationSheet): Mark {\n    return when {\n        examinationSheet.retries > 3 -> Mark.B\n        examinationSheet.studentName.first() == examinationSheet.courseName.first() -> Mark.A\n        examinationSheet.studentName.first().let { it in 'А'..'Я' && (it - 'А') % 2 == 0 } -> Mark.B\n        else -> Mark.Fail\n    }\n}\n\n/*\n * Для каждой экзаменационной ведомости принять экзамен и заменить оценку на новую. В случае пересдачи увеличить\n * значение количества пересдач.\n * TODO В этой функции есть ошибка. Найдите и исправьте её.\n */\nfun runExam(examinationSheets: List<ExaminationSheet>) {\n    examinationSheets.forEach { sheet ->\n        /** Если у студента уже есть отметка, то он пришёл на пересдачу. */\n        sheet.mark.let { sheet.retries++ }\n\n        sheet.mark = examineStudent(sheet)\n    }\n}\n\nfun main() {\n    val sheets = listOf(\n        ExaminationSheet(\"Альберт\", \"Алгебра\", 0, null),\n        ExaminationSheet(\"Георгий\", \"Биология\", 1, Mark.B)\n    )\n    runExam(sheets)\n    println(sheets.joinToString(\"\\n\"))\n}"
            }
          },
          "description_text" : "<html>\n<p>Ознакомьтесь с кодом.</p>\n\n<p>Найдите и исправьте ошибку в функции <code>runExam</code>, приводящую к тому, \n    что функция нарушает утверждения в комментариях-документации.</p>\n</html>",
          "description_format" : "HTML",
          "feedback_link" : {
            "link_type" : "STEPIK"
          },
          "task_type" : "edu"
        },
        {
          "name" : "task2-safe-calls-and-elvis",
          "stepic_id" : 0,
          "update_date" : "Jan 01, 1970 12:00:00 AM",
          "files" : {
            "test/Tests3_2.kt" : {
              "name" : "test/Tests3_2.kt",
              "placeholders" : [ ],
              "is_visible" : false,
              "text" : "import com.h0tk3y.spbsu.kotlin.course.lesson1.Client\nimport com.h0tk3y.spbsu.kotlin.course.lesson1.Mailer\nimport com.h0tk3y.spbsu.kotlin.course.lesson1.PersonalInfo\nimport com.h0tk3y.spbsu.kotlin.course.lesson1.sendMessageToClient\nimport kastree.ast.Node\nimport kastree.ast.Visitor\nimport org.junit.Assert\nimport org.junit.Test\nimport kastree.ast.psi.Parser\nimport java.io.File\n\nclass Test3_2 {\n    @Test\n    fun testIfsLimitation() {\n        val psi = Parser.parseFile(\n            File(\"src/Task3_2.kt\").readText().replace(\"\\r\\n\", \"\\n\")\n        )\n        val func =\n            psi.decls.single { it is Node.Decl.Func && it.name == \"sendMessageToClient\" } as Node.Decl.Func\n        var ifs = 0\n        Visitor.visit(func) { v, _ ->\n            if (v is Node.Expr.If) ifs++\n        }\n        Assert.assertTrue(\n            \"Ожидается, что в теле функции sendMessageToClient не более одного `if`\",\n            ifs <= 1\n        )\n    }\n\n    @Test\n    fun testCorrectImpl() {\n        class MyMailer : Mailer {\n            var lastMessage: String? = null\n            override fun sendMessage(email: String, message: String) {\n                lastMessage = \"$email -> $message\"\n            }\n        }\n\n        fun test(message: String?, client: Client) {\n            val mailer = MyMailer()\n            sendMessageToClient(client, message, mailer)\n            if (message == null) {\n                Assert.assertEquals(\n                    \"Ожидается, что mailer.sendMessage не вызывается, когда message равно null\",\n                    null, mailer.lastMessage\n                )\n            }\n            if (client.personalInfo == null) {\n                Assert.assertEquals(\n                    \"Ожидается, что mailer.sendMessage не вызывается, когда client равен null\",\n                    null, mailer.lastMessage\n                )\n            } else {\n                if (client.personalInfo!!.email == null) {\n                    Assert.assertEquals(\n                        \"Ожидается, что mailer.sendMessage не вызывается, когда personalInfo равно null\",\n                        null, mailer.lastMessage\n                    )\n                } else if (message != null) {\n                    Assert.assertEquals(\n                        \"Ожидается, что mailer.sendMessage вызывается, когда передан полный набор данных\",\n                        \"${client.personalInfo!!.email} -> $message\", mailer.lastMessage\n                    )\n                }\n            }\n        }\n\n        val clients = listOf(Client(null), Client(PersonalInfo(null)), Client(PersonalInfo(\"abc@def.com\")))\n        for (m in listOf(null, \"hello\")) {\n            for (c in clients) {\n                test(m, c)\n            }\n        }\n    }\n}"
            },
            "src/Task3_2.kt" : {
              "name" : "src/Task3_2.kt",
              "placeholders" : [ ],
              "is_visible" : true,
              "text" : "@file:Suppress(\"FoldInitializerAndIfToElvis\")\n\npackage com.h0tk3y.spbsu.kotlin.course.lesson1\n\n/**\n * TODO Упростите эту функцию так, чтобы в ней осталось не более одного утверждения 'if'.\n */\nfun sendMessageToClient(\n    client: Client?,\n    message: String?,\n    mailer: Mailer\n){\n    if (client == null || message == null)\n        return\n\n    val personalInfo = client.personalInfo\n\n    if (personalInfo == null)\n        return\n\n    val email = personalInfo.email\n\n    if (email == null)\n        return\n\n    mailer.sendMessage(email, message)\n}\n\nclass Client (val personalInfo: PersonalInfo?)\n\nclass PersonalInfo (val email: String?)\n\ninterface Mailer {\n    fun sendMessage(email: String, message: String)\n}\n"
            }
          },
          "description_text" : "<html>\nМодифицируйте тело функции <code>sendMessageToClient</code> так, чтобы там осталось не более одного утверждения\n<code>if (...)</code>.\n<div class=\"hint\">\n  Используйте операторы <code>?.</code> и <code>?:</code> вместе с <code>return</code>.\n</div>\n</html>",
          "description_format" : "HTML",
          "feedback_link" : {
            "link_type" : "STEPIK"
          },
          "task_type" : "edu"
        },
        {
          "name" : "task3-no-assertions",
          "stepic_id" : 0,
          "update_date" : "Jan 01, 1970 12:00:00 AM",
          "files" : {
            "src/Task3_3.kt" : {
              "name" : "src/Task3_3.kt",
              "placeholders" : [ ],
              "is_visible" : true,
              "text" : "package com.h0tk3y.spbsu.kotlin.course.lesson3\n\nimport javax.xml.ws.LogicalMessage\n\n// type your solution here\n\ninterface MessagingService {\n    /* ... */\n\n    val serviceVisitorsStats: ServiceVisitorsStats?\n    val loggingService: LoggingService?\n\n    fun handleRequest(clientId: String) {\n        if (loggingService != null) {\n            loggingService!!.log(\"Request from $clientId\")\n        }\n\n        if (serviceVisitorsStats != null) {\n            serviceVisitorsStats!!.registerVisit(clientId)\n\n            if (loggingService != null && serviceVisitorsStats!!.visitorsCounter != null) {\n                loggingService!!.log(\n                    \"Visitors count: ${serviceVisitorsStats!!.visitorsCounter!!.uniqueVisitorsCount}\"\n                )\n            }\n        }\n    }\n}\n\ninterface ServiceVisitorsStats {\n    /* ... */\n\n    val visitorsCounter: VisitorsCounter?\n\n    fun registerVisit(clientId: String) {\n        if (visitorsCounter != null) {\n            visitorsCounter!!.registerVisit(clientId)\n        }\n    }\n}\n\ninterface LoggingService {\n    fun log(logMessage: String)\n}\n\nclass VisitorsCounter {\n    var uniqueVisitorsCount: Int = 0\n        private set\n\n    fun registerVisit(clientId: String) {\n        // Пока что считаем всех посетителей уникальными\n        uniqueVisitorsCount++\n    }\n}"
            },
            "test/Tests3_3.kt" : {
              "name" : "test/Tests3_3.kt",
              "placeholders" : [ ],
              "is_visible" : false,
              "text" : "package com.h0tk3y.spbsu.kotlin.course.lesson3\n\nimport kastree.ast.Node\nimport kastree.ast.Visitor\nimport kastree.ast.psi.Parser\nimport org.junit.Assert\nimport org.junit.Test\nimport java.io.File\n\nclass Test {\n    @Test\n    fun testSolution() {\n        val psi = Parser.parseFile(\n            File(\"src/Task3_3.kt\").readText().replace(\"\\r\\n\", \"\\n\")\n        )\n        var notNullAssertionsFound = 0\n        Visitor.visit(psi) { v, _ ->\n            if (v is Node.Expr.UnaryOp && v.oper.token == Node.Expr.UnaryOp.Token.NULL_DEREF) {\n                notNullAssertionsFound += 1\n            }\n        }\n        if (notNullAssertionsFound > 0) {\n            Assert.fail(\"Ожидается, что в файле нет использований оператора `!!`, \" +\n                \"найдено: $notNullAssertionsFound\")\n        }\n    }\n\n    @Test\n    fun testCorrectImpl() {\n        class MyServiceVisitorStats(\n            override val visitorsCounter: VisitorsCounter?\n        ): ServiceVisitorsStats\n\n        class MyMessagingService(\n            override val serviceVisitorsStats: ServiceVisitorsStats?,\n            override val loggingService: LoggingService?\n        ): MessagingService\n\n        class MyLoggingService : LoggingService {\n            val messages: MutableList<String> = mutableListOf()\n            override fun log(logMessage: String) {\n                messages += logMessage\n            }\n        }\n\n        fun doTest(visitorsStats: ServiceVisitorsStats?, logger: MyLoggingService?, clients: Int) {\n            val ms = MyMessagingService(visitorsStats, logger)\n            val expected = mutableListOf<String>()\n            for (i in 1..clients) {\n                val clientId = \"client$i\"\n                ms.handleRequest(clientId)\n                expected += \"Request from $clientId\"\n                if (visitorsStats != null && visitorsStats.visitorsCounter != null) {\n                    expected += \"Visitors count: ${visitorsStats.visitorsCounter!!.uniqueVisitorsCount}\"\n                }\n            }\n            if (logger != null) {\n                Assert.assertEquals(\"Неверный лог работы сервиса\", expected, logger.messages)\n            }\n            logger?.messages?.clear()\n        }\n\n        val visStats1 = MyServiceVisitorStats(VisitorsCounter())\n        val visStats2 = MyServiceVisitorStats(null)\n        val visStats3 = null\n        val logger1 = MyLoggingService()\n        val logger2 = null\n\n        for (v in listOf(visStats1, visStats2, visStats3)) {\n            for (l in listOf(logger1, logger2)) {\n                doTest(v, l, 5)\n            }\n        }\n    }\n}"
            }
          },
          "description_text" : "<html>\n<p>Ознакомьтесь с кодом. Почему не работают smart casts на свойствах <code>serviceVisitorsStats</code>,\n  <code>loggingService</code>, <code>visitorsCounter</code>?\n  Почему плохо наличие not-null assertions (<code>!!</code>) в этих местах?</p>\n\n<p>Модифицируйте код <code>MessagingService.handleRequest</code> и <code>ServiceVisitorsStats.visitorsCounter</code> так,\nчтобы они более не содержали ни одного утверждения об отсутствии <code>null</code>\n  (not-null assertion, <code>!!</code>)</p>\n<div class=\"hint\">\n  Используйте оператор безопасного доступа <code>?.</code>, а также <code>?.let { ... }</code> и присваивание\n  значения свойства в локальные переменные.\n</div>\n</html>",
          "description_format" : "HTML",
          "feedback_link" : {
            "link_type" : "STEPIK"
          },
          "task_type" : "edu"
        }
      ],
      "unit_id" : 0,
      "type" : "lesson"
    }
  ],
  "authors" : [
    "M. Senin, S. Igushkin"
  ],
  "summary" : "Практические задания к курсу Kotlin в СПбГУ, осень 2019",
  "programming_language" : "kotlin",
  "language" : "ru",
  "additional_files" : [
    {
      "name" : "build.gradle",
      "placeholders" : [ ],
      "is_visible" : true,
      "text" : "buildscript {\n    ext.kotlin_version = '1.3.50'\n\n    repositories {\n        mavenCentral()\n        maven { url 'http://dl.bintray.com/kotlin/kotlin-eap' }\n    }\n\n    dependencies {\n        classpath \"org.jetbrains.kotlin:kotlin-gradle-plugin:$kotlin_version\"\n    }\n}\n\ndef printOutput(def output) {\n    return tasks.create(\"printOutput\") {\n        for (line in output.toString().readLines()) {\n            println \"#educational_plugin\" + line\n        }\n    }\n}\n\nsubprojects {\n    apply plugin: 'application'\n    apply plugin: 'java'\n    apply plugin: 'kotlin'\n\n    sourceCompatibility = 1.8\n\n    repositories {\n        mavenCentral()\n        maven { url 'http://dl.bintray.com/kotlin/kotlin-eap' }\n    }\n\n    dependencies {\n        compile \"org.jetbrains.kotlin:kotlin-stdlib-jdk8:$kotlin_version\"\n        testCompile group: 'junit', name: 'junit', version: '4.12'\n        testCompile 'com.github.cretz.kastree:kastree-ast-jvm:0.4.0'\n        testCompile 'com.github.cretz.kastree:kastree-ast-psi:0.4.0'\n    }\n\n    compileKotlin.destinationDir = compileJava.destinationDir\n\n    compileKotlin {\n        kotlinOptions.jvmTarget = \"1.8\"\n    }\n    compileTestKotlin {\n        kotlinOptions.jvmTarget = \"1.8\"\n    }\n\n    sourceSets {\n        main {\n            kotlin.srcDir 'src'\n            java.srcDir 'src'\n        }\n        test {\n            kotlin.srcDir 'test'\n            java.srcDir 'test'\n        }\n    }\n\n    mainClassName = project.hasProperty(\"mainClass\") ? project.getProperty(\"mainClass\") : \"\"\n    test {\n        outputs.upToDateWhen { false }\n        afterTest { TestDescriptor test, TestResult result ->\n            if (result.resultType == TestResult.ResultType.FAILURE) {\n                def message = result.exception?.message ?: \"Wrong answer\"\n                def lines = message.readLines()\n                println \"#educational_plugin FAILED + \" + lines[0]\n                lines.subList(1, lines.size()).forEach { line ->\n                  println \"#educational_plugin\" + line\n                }\n                // we need this to separate output of different tests\n                println()\n            }\n        }\n    }\n\n    def runOutput = new ByteArrayOutputStream()\n    tasks.run.setStandardOutput(runOutput)\n    tasks.run.doLast { printOutput(runOutput) }\n}\n\nproject(':util') {\n    dependencies {\n        compile group: 'junit', name: 'junit', version: '4.12'\n    }\n}\n\nconfigure(subprojects.findAll {it.name != 'util'}) {\n  dependencies {\n    compile project(':util').sourceSets.main.output\n    testCompile project(':util').sourceSets.test.output\n  }\n}\n"
    }
  ],
  "course_type" : "PyCharm",
  "version" : 11
}