{
  "summary" : "Практическое завнятие 3.\nРабота с файлами и коллекциями",
  "title" : "Работа с файлами и коллекциями",
  "authors" : [
    "Mikhail Senin"
  ],
  "programming_language" : "kotlin",
  "language" : "en",
  "course_type" : "PyCharm",
  "items" : [
    {
      "title" : "lesson3",
      "task_list" : [
        {
          "name" : "task1",
          "files" : {
            "test/Tests.kt" : {
              "name" : "test/Tests.kt",
              "placeholders" : [ ],
              "is_visible" : false,
              "text" : "import org.junit.Assert\nimport org.junit.Test\nimport java.io.ByteArrayOutputStream\nimport java.io.FileWriter\nimport java.io.PrintStream\nimport java.lang.StringBuilder\nimport kotlin.random.Random\n\nclass Test {\n    companion object {\n        val newline = System.getProperty(\"line.separator\")\n        val phrases = listOf (\n                \"Наши ожидания были иными!\",\n                \"Какое жестокое разочарование!\",\n                \"Возможно это и правильный ответ, но не в нашей Вселенной!\",\n                \"У верблюда два горба, потому что жизнь - борьба!\",\n                \"В наше время Kotlin был островом...\",\n                \"Не хочу никого расстраивать, но это не решение.\",\n                \"Стоит попробовать ещё разок...\"\n        )\n    }\n\n    private fun testStdout(expected: String, fn: () -> Unit) {\n        val oldStdOut = System.out\n        try {\n            val stream = ByteArrayOutputStream()\n            stream.use {\n                PrintStream(stream, true, \"UTF-8\").use { System.setOut(it); fn(); }\n            }\n            val actual = stream.toByteArray().inputStream().bufferedReader().readText()\n            if (expected != actual) {\n                Assert.fail( phrases[Random.nextInt(0, phrases.size)])\n            }\n        } finally {\n            System.setOut(oldStdOut)\n        }\n    }\n\n    @Test\n    fun testSampleFile() {\n        val someLines = generateLines(Random.nextInt(1, 100), false)\n        val correctLine = generateLines(1, true)\n        val someOtherLines = generateLines(Random.nextInt(1, 100), false)\n        testStdout(correctLine) {\n            val data =\n\"\"\"\n# Here we have some data\n1 -1 0 0 10 -7  3\n\n# 10 0 0 -10\nWTF!??\n$someLines\n$correctLine \n$someOtherLines\n1 2 3 -1 -2 -3 Ура!\n\n# End of story\n\"\"\"\n            val tempFile = createTempFile(\"kotlin-\", \".txt\")\n            FileWriter(tempFile).use {\n                it.write(data)\n            }\n            try {\n                main(arrayOf(tempFile.absolutePath.toString()))\n            }\n            finally {\n                tempFile.delete()\n            }\n        }\n    }\n\n    private fun generateLines(numOfLines: Int, correct: Boolean): String {\n        val builder = StringBuilder()\n        repeat(numOfLines) {\n            val numbers = mutableListOf<Int>()\n            val size = Random.nextInt(1, 7)\n            var sum = 0\n            repeat(size) {\n                val number = Random.nextInt(-100, 100)\n                sum += number\n                numbers.add(number)\n            }\n            if (correct) {\n                numbers.add(-sum)\n            }\n            else if (sum == 0) {\n                numbers.add(Random.nextInt(1, 100))\n            }\n            builder.append(numbers.joinToString(\" \", postfix = newline))\n        }\n        return builder.toString()\n    }\n}"
            },
            "src/Task.kt" : {
              "name" : "src/Task.kt",
              "placeholders" : [ ],
              "is_visible" : true,
              "text" : "import java.io.FileReader\nimport java.lang.NumberFormatException\n\n/**\n * Напишите программу, которая считывает текстовый файл,\n * путь к которому указан в первом аргументе и выводит все строки,\n * в которых сумма чисел равна нулю.\n * Числа могут быть разделены табуляциями или пробелами.\n * Строки, начинающиеся с символа '#' нужно игнорировать.\n * Строки с некорректными данными нужно игнорировать.\n */\nfun main(args: Array<String>) {\n}"
            }
          },
          "description_text" : "<html>\nНапишите программу, которая считывает текстовый файл,\nпуть к которому указан в первом аргументе и выводит все строки,\nв которых сумма чисел равна нулю.\n<p>\n  Числа могут быть разделены табуляциями или пробелами.\n</p>\n<p>\n  Строки, начинающиеся с символа '#' нужно игнорировать.\n</p>\n<p>\n  Строки с некорректными данными нужно игнорировать.\n</p>\n</html>",
          "description_format" : "HTML",
          "feedback_link" : {
            "link_type" : "STEPIK"
          },
          "task_type" : "edu"
        }
      ],
      "type" : "lesson"
    }
  ],
  "additional_files" : [
    {
      "name" : "build.gradle",
      "placeholders" : [ ],
      "is_visible" : true,
      "text" : "buildscript {\n    ext.kotlin_version = '1.3.50'\n\n    repositories {\n        mavenCentral()\n        \n    }\n\n    dependencies {\n        classpath \"org.jetbrains.kotlin:kotlin-gradle-plugin:$kotlin_version\"\n    }\n}\n\ndef printOutput(def output) {\n    return tasks.create(\"printOutput\") {\n        for (line in output.toString().readLines()) {\n            println \"#educational_plugin\" + line\n        }\n    }\n}\n\nsubprojects {\n    apply plugin: 'application'\n    apply plugin: 'java'\n    apply plugin: 'kotlin'\n\n    sourceCompatibility = 1.8\n\n    repositories {\n        mavenCentral()\n        \n    }\n\n    dependencies {\n        compile \"org.jetbrains.kotlin:kotlin-stdlib-jdk8:$kotlin_version\"\n        testCompile group: 'junit', name: 'junit', version: '4.12'\n    }\n\n    compileKotlin.destinationDir = compileJava.destinationDir\n\n    compileKotlin {\n        kotlinOptions.jvmTarget = \"1.8\"\n    }\n    compileTestKotlin {\n        kotlinOptions.jvmTarget = \"1.8\"\n    }\n\n    sourceSets {\n        main {\n            kotlin.srcDir 'src'\n            java.srcDir 'src'\n        }\n        test {\n            kotlin.srcDir 'test'\n            java.srcDir 'test'\n        }\n    }\n\n    mainClassName = project.hasProperty(\"mainClass\") ? project.getProperty(\"mainClass\") : \"\"\n    test {\n        outputs.upToDateWhen { false }\n        afterTest { TestDescriptor test, TestResult result ->\n            if (result.resultType == TestResult.ResultType.FAILURE) {\n                def message = result.exception?.message ?: \"Wrong answer\"\n                def lines = message.readLines()\n                println \"#educational_plugin FAILED + \" + lines[0]\n                lines.subList(1, lines.size()).forEach { line ->\n                  println \"#educational_plugin\" + line\n                }\n                // we need this to separate output of different tests\n                println()\n            }\n        }\n    }\n\n    def runOutput = new ByteArrayOutputStream()\n    tasks.run.setStandardOutput(runOutput)\n    tasks.run.doLast { printOutput(runOutput) }\n}\n\nproject(':util') {\n    dependencies {\n        compile group: 'junit', name: 'junit', version: '4.12'\n    }\n}\n\nconfigure(subprojects.findAll {it.name != 'util'}) {\n  dependencies {\n    compile project(':util').sourceSets.main.output\n    testCompile project(':util').sourceSets.test.output\n  }\n}\n\n//     if (args.isEmpty()) {\n//        return\n//    }\n//    FileReader(args[0]).use { reader ->\n//        val correctLines = reader.readLines().map {\n//            it.trim()\n//        }.filter {\n//            !it.startsWith('#') && it.isNotBlank()\n//        }.filter { line ->\n//            val parts = line.split(\"\"\"\\s\"\"\".toRegex())\n//            var sum = 0\n//            for (part in parts) {\n//               val number = part.toIntOrNull()\n//               if (number == null) {\n//                   sum = -1\n//                   break\n//               }\n//               sum += number\n//            }\n//            sum == 0\n//        }\n//        println(correctLines.joinToString(separator = \"\\n\"))\n//    }"
    }
  ],
  "version" : 11
}