{
  "summary" : "Практисечкое занятие 2 - Классы",
  "title" : "Kotlin Classes",
  "authors" : [
    "User"
  ],
  "programming_language" : "kotlin",
  "language" : "en",
  "course_type" : "PyCharm",
  "items" : [
    {
      "title" : "lesson2",
      "task_list" : [
        {
          "name" : "task1",
          "files" : {
            "src/Task1.kt" : {
              "name" : "src/Task1.kt",
              "placeholders" : [ ],
              "is_visible" : true,
              "text" : "/**\n * Объявите класс IntPair1 такой, чтобы он\n *    - содержал неявные методы hashCode(), equals(), toString(), component1(), component2() и copy()\n *    - содержал неизменяемые свойства valueX и valueY типа Int\n *    - конструктор без параметров (valueX и valueY инициализируются значениями -1)\n *    - конструктор с двумя параметрами - valueX и valueY\n */\nclass IntPair1"
            },
            "test/Tests1.kt" : {
              "name" : "test/Tests1.kt",
              "placeholders" : [ ],
              "is_visible" : false,
              "text" : "import org.junit.Assert.assertEquals\nimport org.junit.Assert.assertTrue\nimport org.junit.Test\nimport kotlin.reflect.KMutableProperty\nimport kotlin.reflect.KType\nimport kotlin.reflect.jvm.javaType\n\nclass Tests1 {\n    @Test\n    fun testIntPair1() {\n        val clazz = IntPair1::class\n        assertTrue(\"Класс должен содержать неявные методы hashCode(), equals(), toString(), component1(), component2() и copy()\", clazz.isData)\n        assertTrue(\"Должно быть как минимум два конструктора\", clazz.constructors.size >= 2)\n        assertTrue(\"Должно быть конструктор без параметров\", clazz.constructors.any { it.parameters.isEmpty() })\n        assertTrue(\"Должно быть конструктор (Int, Int)\", clazz.constructors.any { it.parameters.size == 2 && isInt(it.parameters[0].type) && isInt(it.parameters[1].type)})\n        assertEquals(\"Должно быть два свойства!\", 2, clazz.members.size)\n        assertTrue(\"Должно быть неизменяемое свойство valueX : Int\", clazz.members.any { it !is KMutableProperty<*> && it.name == \"valueX\" && isInt(it.returnType) })\n        assertTrue(\"Должно быть неизменяемое свойство valueY : Int\", clazz.members.any { it !is KMutableProperty<*> && it.name == \"valueY\" && isInt(it.returnType) })\n        val check = IntPair1()\n        assertEquals(\"Неверная инициализация в конструкторе без параметров\", \"IntPair1(valueX=-1, valueY=-1)\", check.toString())\n    }\n\n    private fun isInt(type: KType) = type.javaType.typeName == \"int\" || type.javaType.typeName == \"java.lang.Integer\"\n}"
            }
          },
          "description_text" : "<html>\nWrite your task text here.\n<div class=\"hint\">\nОбъявите класс IntPair1 такой, чтобы он\n   <ul>\n      <li>содержал неявные методы hashCode(), equals(), toString(), component1(), component2() и copy()</li>\n      <li>содержал неизменяемые свойства valueX и valueY типа Int</li>\n      <li>конструктор без параметров (valueX и valueY инициализируются значениями -1)</li>\n      <li>конструктор с двумя параметрами - valueX и valueY</li>\n   </ul>\n</div>\n</html>",
          "description_format" : "HTML",
          "feedback_link" : {
            "link_type" : "STEPIK"
          },
          "task_type" : "edu"
        },
        {
          "name" : "task2",
          "files" : {
            "test/Tests2.kt" : {
              "name" : "test/Tests2.kt",
              "placeholders" : [ ],
              "is_visible" : false,
              "text" : "import org.junit.Assert.*\nimport org.junit.Test\nimport kotlin.reflect.KMutableProperty\nimport kotlin.reflect.KType\nimport kotlin.reflect.full.memberFunctions\nimport kotlin.reflect.full.memberProperties\nimport kotlin.reflect.jvm.javaConstructor\nimport kotlin.reflect.jvm.javaMethod\nimport kotlin.reflect.jvm.javaType\n\nclass Tests2 {\n\n    @Test\n    fun testIntPair2() {\n        val clazz = IntPair2::class\n        assertTrue(\"Класс должен допускать наследование\", clazz.isOpen || clazz.isAbstract)\n        assertTrue(\"Должно быть как минимум два конструктора\", clazz.constructors.size >= 2)\n        assertTrue(\"Должен быть конструктор (Int, Int)\", clazz.constructors.any { it.parameters.size == 2 && isInt(it.parameters[0].type) && isInt(it.parameters[1].type)})\n        assertTrue(\"Должен быть конструктор без параметров\", clazz.constructors.any { it.parameters.isEmpty() && \"PRIVATE\" == it.visibility?.name })\n        assertEquals(\"Должно быть два свойства!\", 2, clazz.memberProperties.size)\n        assertTrue(\"Должно быть неизменяемое свойство valueX : Int\", clazz.memberProperties.any { it is KMutableProperty<*> && it.name == \"valueX\" && isInt(it.returnType) })\n        assertTrue(\"Должно быть неизменяемое свойство valueY : Int\", clazz.memberProperties.any { it is KMutableProperty<*> && it.name == \"valueY\" && isInt(it.returnType) })\n        assertTrue(\"Класс должен быть абстрактным, т.к. должен содержать абстрактный метод gcd\", clazz.isAbstract)\n        assertTrue(\"Нет требуемого метода sum\", clazz.memberFunctions.any { it.name == \"sum\" && !it.isAbstract && it.isOpen && it.parameters.size == 1 && isInt(it.returnType) } )\n        assertTrue(\"Нет требуемого метода prod\", clazz.memberFunctions.any { it.name == \"prod\" && !it.isAbstract && !it.isOpen && it.parameters.size == 1 && isInt(it.returnType) } )\n        assertTrue(\"Нет требуемого метода gcd\", clazz.memberFunctions.any { it.name == \"gcd\" && it.isAbstract && it.parameters.size == 1 && isInt(it.returnType) } )\n    }\n\n    @Test\n    fun testDerivedIntPair2() {\n        val clazz = DerivedIntPair2::class\n        assertTrue(\"Класс не должен допускать наследование\", !clazz.isOpen && !clazz.isAbstract)\n        assertTrue(\"Должен быть конструктор (Int, Int)\", clazz.constructors.any { it.parameters.size == 2 && isInt(it.parameters[0].type) && isInt(it.parameters[1].type)})\n        assertTrue(\"Нет требуемого метода gcd\", clazz.memberFunctions.any { it.name == \"gcd\" && !it.isAbstract && it.parameters.size == 1 && isInt(it.returnType) } )\n    }\n\n    @Test\n    fun testMethods() {\n        assertMethodResult(\"sum\", -9, 10, 1, \"Неверный ответ для sum(-9,10)\")\n        assertMethodResult(\"prod\", 10, 10, 100, \"Неверный ответ для prod(10,10)\")\n        assertMethodResult(\"sum\", 0, -10, -10, \"Неверный ответ для sum(0,-10)\")\n        assertMethodResult(\"prod\", 0, -100, 0, \"Неверный ответ для prod(0,-100)\")\n        assertMethodResult(\"gcd\", 30, 18, 6, \"Неверный ответ для gcd(30,18)\")\n    }\n\n    private fun assertMethodResult(methodName: String, x: Int, y: Int, expected: Int, message: String = \"\") {\n        try {\n            val kClass = DerivedIntPair2::class\n            val instance = kClass.constructors\n                    .first {\n                        it.parameters.size == 2 &&\n                                isInt(it.parameters[0].type) &&\n                                isInt(it.parameters[1].type)\n                    }\n                    .javaConstructor!!.newInstance(x, y)\n            val result: Int = kClass.memberFunctions.first { it.name == methodName }.javaMethod!!.invoke(instance) as Int\n            assertEquals(message, expected, result)\n        }\n        catch (e: Exception) {\n            fail(\"Не получается вызвать метод $methodName: $e\")\n        }\n    }\n\n    private fun isInt(type: KType) = type.javaType.typeName == \"int\" || type.javaType.typeName == \"java.lang.Integer\"\n}"
            },
            "src/Task2.kt" : {
              "name" : "src/Task2.kt",
              "placeholders" : [ ],
              "is_visible" : true,
              "text" : "/**\n * Объявите класс IntPair2 такой, чтобы он\n *    - допускал наследование\n *    - содержал изменяемые свойства valueX и valueY типа Int,\n *    - имел конструктор с двумя параметрами - valueX и valueY\n *    - имел private конструктор без параметров\n *    - имел метод переопределяемый sum, возвращающий сумму valueX и valueY - Int\n *    - имел метод непереопределяемый prod, возвращающий произведение valueX и valueY - Int\n *    - имел абстрактный метод gcd, возвращающий Int\n *\n *    Далее объявите класс-наследник DerivedIntPair2 такой, чтобы он\n *    - не допускал дальнейшего наследования\n *    - имел конструктор с двумя параметрами - valueX и valueY\n *    - переопределял метод gcd и реулизовывал в нём вычисление наибольшего общего делителя свойств valueX и valueY\n *     (см. https://younglinux.info/algorithm/euclidean)\n */\n\nclass IntPair2\n\nclass DerivedIntPair2\n"
            }
          },
          "description_text" : "<html>\nWrite your task text here.\n<div class=\"hint\">\n  <p>Объявите класс IntPair2 такой, чтобы он</p>\n  <ul>\n    <li>допускал наследование</li>\n    <li>содержал изменяемые свойства valueX и valueY типа Int,</li>\n    <li>имел конструктор с двумя параметрами - valueX и valueY</li>\n    <li>имел private конструктор без параметров</li>\n    <li>имел метод переопределяемый sum, возвращающий сумму valueX и valueY - Int</li>\n    <li>имел метод непереопределяемый prod, возвращающий произведение valueX и valueY - Int</li>\n    <li>имел абстрактный метод gcd, возвращающий Int</li>\n  </ul>\n  <p>Далее объявите класс-наследник DerivedIntPair2 такой, чтобы он</p>\n  <ul>\n    <li>не допускал дальнейшего наследования</li>\n    <li>имел конструктор с двумя параметрами - valueX и valueY</li>\n    <li>переопределял метод gcd и реулизовывал в нём вычисление наибольшего общего делителя свойств valueX и valueY</li>\n  </ul>\n</div>\n</html>",
          "description_format" : "HTML",
          "feedback_link" : {
            "link_type" : "STEPIK"
          },
          "task_type" : "edu"
        }
      ],
      "type" : "lesson"
    }
  ],
  "additional_files" : [
    {
      "name" : "build.gradle",
      "placeholders" : [ ],
      "is_visible" : true,
      "text" : "buildscript {\n    ext.kotlin_version = '1.3.50'\n\n    repositories {\n        mavenCentral()\n        \n    }\n\n    dependencies {\n        classpath \"org.jetbrains.kotlin:kotlin-gradle-plugin:$kotlin_version\"\n    }\n}\n\ndef printOutput(def output) {\n    return tasks.create(\"printOutput\") {\n        for (line in output.toString().readLines()) {\n            println \"#educational_plugin\" + line\n        }\n    }\n}\n\nsubprojects {\n    apply plugin: 'application'\n    apply plugin: 'java'\n    apply plugin: 'kotlin'\n\n    sourceCompatibility = 1.8\n\n    repositories {\n        mavenCentral()\n        \n    }\n\n    dependencies {\n        compile \"org.jetbrains.kotlin:kotlin-stdlib-jdk8:$kotlin_version\"\n        compile \"org.jetbrains.kotlin:kotlin-reflect\"\n        testCompile group: 'junit', name: 'junit', version: '4.12'\n    }\n\n    compileKotlin.destinationDir = compileJava.destinationDir\n\n    compileKotlin {\n        kotlinOptions.jvmTarget = \"1.8\"\n    }\n    compileTestKotlin {\n        kotlinOptions.jvmTarget = \"1.8\"\n    }\n\n    sourceSets {\n        main {\n            kotlin.srcDir 'src'\n            java.srcDir 'src'\n        }\n        test {\n            kotlin.srcDir 'test'\n            java.srcDir 'test'\n        }\n    }\n\n    mainClassName = project.hasProperty(\"mainClass\") ? project.getProperty(\"mainClass\") : \"\"\n    test {\n        outputs.upToDateWhen { false }\n        afterTest { TestDescriptor test, TestResult result ->\n            if (result.resultType == TestResult.ResultType.FAILURE) {\n                def message = result.exception?.message ?: \"Wrong answer\"\n                def lines = message.readLines()\n                println \"#educational_plugin FAILED + \" + lines[0]\n                lines.subList(1, lines.size()).forEach { line ->\n                  println \"#educational_plugin\" + line\n                }\n                // we need this to separate output of different tests\n                println()\n            }\n        }\n    }\n\n    def runOutput = new ByteArrayOutputStream()\n    tasks.run.setStandardOutput(runOutput)\n    tasks.run.doLast { printOutput(runOutput) }\n}\n\nproject(':util') {\n    dependencies {\n        compile group: 'junit', name: 'junit', version: '4.12'\n    }\n}\n\nconfigure(subprojects.findAll {it.name != 'util'}) {\n  dependencies {\n    compile project(':util').sourceSets.main.output\n    testCompile project(':util').sourceSets.test.output\n  }\n}\n"
    }
  ],
  "version" : 11
}